fbus,tbus,r,x,b,rateA,rateB,rateC,ratio,angle,status,angmin,angmax
30,265,6e-05,0.00046,0.0,9900.0,0.0,75.0,1.0082,0.0,1.0,-360.0,360.0
265,269,0.0008,0.00348,0.0,9900.0,0.0,0.0,0.0,0.0,1.0,-360.0,360.0
265,270,0.02439,0.43682,0.0,9900.0,0.0,0.0,0.9668,0.0,1.0,-360.0,360.0
265,272,0.03624,0.64898,0.0,9900.0,0.0,0.0,0.9796,0.0,1.0,-360.0,360.0
269,291,0.01578,0.37486,0.0,9900.0,0.0,0.0,1.0435,0.0,1.0,-360.0,360.0
269,292,0.01578,0.37486,0.0,9900.0,0.0,0.0,0.9391,0.0,1.0,-360.0,360.0
269,293,0.01602,0.38046,0.0,9900.0,0.0,0.0,1.0435,0.0,1.0,-360.0,360.0
269,294,0.0,0.152,0.0,9900.0,0.0,0.0,1.0435,0.0,1.0,-360.0,360.0
269,295,0.0,0.8,0.0,9900.0,0.0,0.0,1.0435,0.0,1.0,-360.0,360.0
270,271,0.05558,0.24666,0.0,9900.0,0.0,0.0,0.0,0.0,1.0,-360.0,360.0
270,267,0.11118,0.49332,0.0,9900.0,0.0,0.0,0.0,0.0,1.0,-360.0,360.0
270,267,0.11118,0.49332,0.0,9900.0,0.0,0.0,0.0,0.0,1.0,-360.0,360.0
272,266,0.07622,0.43286,0.0,9900.0,0.0,0.0,0.0,0.0,1.0,-360.0,360.0
272,266,0.07622,0.43286,0.0,9900.0,0.0,0.0,0.0,0.0,1.0,-360.0,360.0
266,273,0.0537,0.07026,0.0,9900.0,0.0,0.0,0.0,0.0,1.0,-360.0,360.0
273,275,1.1068,0.95278,0.0,9900.0,0.0,0.0,0.0,0.0,1.0,-360.0,360.0
273,274,0.44364,2.8152,0.0,9900.0,0.0,0.0,1.0,0.0,1.0,-360.0,360.0
266,276,0.50748,3.2202,0.0,9900.0,0.0,0.0,1.0,0.0,1.0,-360.0,360.0
275,277,0.66688,3.944,0.0,9900.0,0.0,0.0,1.0,0.0,1.0,-360.0,360.0
275,278,0.6113,3.6152,0.0,9900.0,0.0,0.0,1.0,0.0,1.0,-360.0,360.0
271,296,0.4412,2.9668,0.0,9900.0,0.0,0.0,1.0,0.0,1.0,-360.0,360.0
271,297,0.30792,2.057,0.0,9900.0,0.0,0.0,1.0,0.0,1.0,-360.0,360.0
271,267,0.0558,0.24666,0.0,9900.0,0.0,0.0,0.0,0.0,1.0,-360.0,360.0
267,279,0.73633,4.6724,0.0,9900.0,0.0,0.0,1.0,0.0,1.0,-360.0,360.0
267,280,0.76978,4.8846,0.0,9900.0,0.0,0.0,1.0,0.0,1.0,-360.0,360.0
267,281,0.75732,4.8056,0.0,9900.0,0.0,0.0,1.0,0.0,1.0,-360.0,360.0
267,290,0.07378,0.06352,0.0,9900.0,0.0,0.0,0.0,0.0,1.0,-360.0,360.0
290,268,0.03832,0.02894,0.0,9900.0,0.0,0.0,0.0,0.0,1.0,-360.0,360.0
268,287,0.36614,2.456,0.0,9900.0,0.0,0.0,1.0,0.0,1.0,-360.0,360.0
268,288,1.0593,5.4536,0.0,9900.0,0.0,0.0,1.0,0.0,1.0,-360.0,360.0
268,289,0.1567,1.6994,0.0,9900.0,0.0,0.0,1.0,0.0,1.0,-360.0,360.0
267,282,0.13006,1.3912,0.0,9900.0,0.0,0.0,1.0,0.0,1.0,-360.0,360.0
267,283,0.54484,3.4572,0.0,9900.0,0.0,0.0,1.0,0.0,1.0,-360.0,360.0
267,284,0.15426,1.6729,0.0,9900.0,0.0,0.0,1.0,0.0,1.0,-360.0,360.0
267,285,0.3849,2.5712,0.0,9900.0,0.0,0.0,1.0,0.0,1.0,-360.0,360.0
267,286,0.4412,2.9668,0.0,9900.0,0.0,0.0,1.0,0.0,1.0,-360.0,360.0
272,298,0.23552,0.99036,0.0,9900.0,0.0,0.0,0.0,0.0,1.0,-360.0,360.0
293,299,0.0,0.75,0.0,9900.0,0.0,0.0,0.9583,0.0,1.0,-360.0,360.0
0,4,0.001,0.006,0.0,9900.0,0.0,0.0,0.0,0.0,1.0,-360.0,360.0
1,5,0.001,0.009,0.0,9900.0,0.0,0.0,0.0,0.0,1.0,-360.0,360.0
1,7,0.006,0.027,0.054,9900.0,0.0,0.0,0.0,0.0,1.0,-360.0,360.0
2,6,0.0,0.003,0.0,9900.0,0.0,0.0,0.0,0.0,1.0,-360.0,360.0
2,17,0.008,0.069,0.139,9900.0,0.0,0.0,0.0,0.0,1.0,-360.0,360.0
2,128,0.001,0.007,0.0,9900.0,0.0,0.0,0.0,0.0,1.0,-360.0,360.0
3,15,0.002,0.019,1.127,9900.0,0.0,0.0,0.0,0.0,1.0,-360.0,360.0
4,8,0.006,0.029,0.018,9900.0,0.0,0.0,0.0,0.0,1.0,-360.0,360.0
6,11,0.001,0.009,0.07,9900.0,0.0,0.0,0.0,0.0,1.0,-360.0,360.0
6,109,0.001,0.007,0.014,9900.0,0.0,0.0,0.0,0.0,1.0,-360.0,360.0
7,10,0.013,0.0595,0.033,9900.0,0.0,0.0,0.0,0.0,1.0,-360.0,360.0
7,13,0.013,0.042,0.081,9900.0,0.0,0.0,0.0,0.0,1.0,-360.0,360.0
8,10,0.006,0.027,0.013,9900.0,0.0,0.0,0.0,0.0,1.0,-360.0,360.0
10,12,0.008,0.034,0.018,9900.0,0.0,0.0,0.0,0.0,1.0,-360.0,360.0
11,19,0.002,0.015,0.118,9900.0,0.0,0.0,0.0,0.0,1.0,-360.0,360.0
12,18,0.006,0.034,0.016,9900.0,0.0,0.0,0.0,0.0,1.0,-360.0,360.0
13,14,0.014,0.042,0.097,9900.0,0.0,0.0,0.0,0.0,1.0,-360.0,360.0
14,30,0.065,0.248,0.121,9900.0,0.0,0.0,0.0,0.0,1.0,-360.0,360.0
14,73,0.099,0.248,0.035,9900.0,0.0,0.0,0.0,0.0,1.0,-360.0,360.0
14,74,0.096,0.363,0.048,9900.0,0.0,0.0,0.0,0.0,1.0,-360.0,360.0
15,35,0.002,0.022,1.28,9900.0,0.0,0.0,0.0,0.0,1.0,-360.0,360.0
17,19,0.002,0.018,0.036,9900.0,0.0,0.0,0.0,0.0,1.0,-360.0,360.0
17,71,0.013,0.08,0.151,9900.0,0.0,0.0,0.0,0.0,1.0,-360.0,360.0
18,20,0.016,0.033,0.015,9900.0,0.0,0.0,0.0,0.0,1.0,-360.0,360.0
18,25,0.069,0.186,0.098,9900.0,0.0,0.0,0.0,0.0,1.0,-360.0,360.0
19,22,0.004,0.034,0.28,9900.0,0.0,0.0,0.0,0.0,1.0,-360.0,360.0
20,21,0.052,0.111,0.05,9900.0,0.0,0.0,0.0,0.0,1.0,-360.0,360.0
21,23,0.019,0.039,0.018,9900.0,0.0,0.0,0.0,0.0,1.0,-360.0,360.0
22,230,0.007,0.068,0.134,9900.0,0.0,0.0,0.0,0.0,1.0,-360.0,360.0
23,24,0.036,0.071,0.034,9900.0,0.0,0.0,0.0,0.0,1.0,-360.0,360.0
24,25,0.045,0.12,0.065,9900.0,0.0,0.0,0.0,0.0,1.0,-360.0,360.0
24,231,0.043,0.13,0.014,9900.0,0.0,0.0,0.0,0.0,1.0,-360.0,360.0
26,27,0.0,0.063,0.0,9900.0,0.0,0.0,0.0,0.0,1.0,-360.0,360.0
26,31,0.0025,0.012,0.013,9900.0,0.0,0.0,0.0,0.0,1.0,-360.0,360.0
26,33,0.006,0.029,0.02,9900.0,0.0,0.0,0.0,0.0,1.0,-360.0,360.0
26,34,0.007,0.043,0.026,9900.0,0.0,0.0,0.0,0.0,1.0,-360.0,360.0
27,35,0.001,0.008,0.042,9900.0,0.0,0.0,0.0,0.0,1.0,-360.0,360.0
28,59,0.012,0.06,0.008,9900.0,0.0,0.0,0.0,0.0,1.0,-360.0,360.0
28,62,0.006,0.014,0.002,9900.0,0.0,0.0,0.0,0.0,1.0,-360.0,360.0
28,63,0.01,0.029,0.003,9900.0,0.0,0.0,0.0,0.0,1.0,-360.0,360.0
29,72,0.004,0.027,0.043,9900.0,0.0,0.0,0.0,0.0,1.0,-360.0,360.0
30,31,0.008,0.047,0.008,9900.0,0.0,0.0,0.0,0.0,1.0,-360.0,360.0
30,33,0.022,0.064,0.007,9900.0,0.0,0.0,0.0,0.0,1.0,-360.0,360.0
30,34,0.01,0.036,0.02,9900.0,0.0,0.0,0.0,0.0,1.0,-360.0,360.0
30,42,0.017,0.081,0.048,9900.0,0.0,0.0,0.0,0.0,1.0,-360.0,360.0
30,73,0.102,0.254,0.033,9900.0,0.0,0.0,0.0,0.0,1.0,-360.0,360.0
30,74,0.047,0.127,0.016,9900.0,0.0,0.0,0.0,0.0,1.0,-360.0,360.0
31,34,0.008,0.037,0.02,9900.0,0.0,0.0,0.0,0.0,1.0,-360.0,360.0
31,36,0.032,0.087,0.04,9900.0,0.0,0.0,0.0,0.0,1.0,-360.0,360.0
32,35,0.0006,0.0064,0.404,9900.0,0.0,0.0,0.0,0.0,1.0,-360.0,360.0
33,41,0.026,0.154,0.022,9900.0,0.0,0.0,0.0,0.0,1.0,-360.0,360.0
34,35,0.0,0.029,0.0,9900.0,0.0,0.0,0.0,0.0,1.0,-360.0,360.0
34,42,0.065,0.191,0.02,9900.0,0.0,0.0,0.0,0.0,1.0,-360.0,360.0
34,43,0.031,0.089,0.036,9900.0,0.0,0.0,0.0,0.0,1.0,-360.0,360.0
35,39,0.002,0.014,0.806,9900.0,0.0,0.0,0.0,0.0,1.0,-360.0,360.0
36,37,0.026,0.072,0.035,9900.0,0.0,0.0,0.0,0.0,1.0,-360.0,360.0
36,41,0.095,0.262,0.032,9900.0,0.0,0.0,0.0,0.0,1.0,-360.0,360.0
36,45,0.013,0.039,0.016,9900.0,0.0,0.0,0.0,0.0,1.0,-360.0,360.0
37,40,0.027,0.084,0.039,9900.0,0.0,0.0,0.0,0.0,1.0,-360.0,360.0
37,46,0.028,0.084,0.037,9900.0,0.0,0.0,0.0,0.0,1.0,-360.0,360.0
38,51,0.007,0.041,0.312,9900.0,0.0,0.0,0.0,0.0,1.0,-360.0,360.0
38,61,0.009,0.054,0.411,9900.0,0.0,0.0,0.0,0.0,1.0,-360.0,360.0
39,67,0.005,0.042,0.69,9900.0,0.0,0.0,0.0,0.0,1.0,-360.0,360.0
40,60,0.052,0.145,0.073,9900.0,0.0,0.0,0.0,0.0,1.0,-360.0,360.0
40,91,0.043,0.118,0.013,9900.0,0.0,0.0,0.0,0.0,1.0,-360.0,360.0
41,86,0.025,0.062,0.007,9900.0,0.0,0.0,0.0,0.0,1.0,-360.0,360.0
42,43,0.031,0.094,0.043,9900.0,0.0,0.0,0.0,0.0,1.0,-360.0,360.0
43,44,0.037,0.109,0.049,9900.0,0.0,0.0,0.0,0.0,1.0,-360.0,360.0
44,47,0.027,0.08,0.036,9900.0,0.0,0.0,0.0,0.0,1.0,-360.0,360.0
45,46,0.025,0.073,0.035,9900.0,0.0,0.0,0.0,0.0,1.0,-360.0,360.0
46,47,0.035,0.103,0.047,9900.0,0.0,0.0,0.0,0.0,1.0,-360.0,360.0
47,48,0.065,0.169,0.082,9900.0,0.0,0.0,0.0,0.0,1.0,-360.0,360.0
48,49,0.046,0.08,0.036,9900.0,0.0,0.0,0.0,0.0,1.0,-360.0,360.0
48,54,0.159,0.537,0.071,9900.0,0.0,0.0,0.0,0.0,1.0,-360.0,360.0
49,50,0.009,0.026,0.005,9900.0,0.0,0.0,0.0,0.0,1.0,-360.0,360.0
50,52,0.002,0.013,0.015,9900.0,0.0,0.0,0.0,0.0,1.0,-360.0,360.0
51,53,0.009,0.065,0.485,9900.0,0.0,0.0,0.0,0.0,1.0,-360.0,360.0
53,55,0.016,0.105,0.203,9900.0,0.0,0.0,0.0,0.0,1.0,-360.0,360.0
53,122,0.001,0.007,0.013,9900.0,0.0,0.0,0.0,0.0,1.0,-360.0,360.0
54,235,0.0265,0.172,0.026,9900.0,0.0,0.0,0.0,0.0,1.0,-360.0,360.0
56,189,0.051,0.232,0.028,9900.0,0.0,0.0,0.0,0.0,1.0,-360.0,360.0
56,65,0.051,0.157,0.023,9900.0,0.0,0.0,0.0,0.0,1.0,-360.0,360.0
57,58,0.032,0.1,0.062,9900.0,0.0,0.0,0.0,0.0,1.0,-360.0,360.0
57,236,0.02,0.1234,0.028,9900.0,0.0,0.0,0.0,0.0,1.0,-360.0,360.0
58,59,0.036,0.131,0.068,9900.0,0.0,0.0,0.0,0.0,1.0,-360.0,360.0
58,60,0.034,0.099,0.047,9900.0,0.0,0.0,0.0,0.0,1.0,-360.0,360.0
59,63,0.018,0.087,0.011,9900.0,0.0,0.0,0.0,0.0,1.0,-360.0,360.0
59,237,0.0256,0.193,0.0,9900.0,0.0,0.0,0.0,0.0,1.0,-360.0,360.0
60,62,0.021,0.057,0.03,9900.0,0.0,0.0,0.0,0.0,1.0,-360.0,360.0
60,65,0.018,0.052,0.018,9900.0,0.0,0.0,0.0,0.0,1.0,-360.0,360.0
61,72,0.004,0.027,0.05,9900.0,0.0,0.0,0.0,0.0,1.0,-360.0,360.0
61,239,0.0286,0.2013,0.379,9900.0,0.0,0.0,0.0,0.0,1.0,-360.0,360.0
62,63,0.016,0.043,0.004,9900.0,0.0,0.0,0.0,0.0,1.0,-360.0,360.0
63,64,0.001,0.006,0.007,9900.0,0.0,0.0,0.0,0.0,1.0,-360.0,360.0
63,66,0.014,0.07,0.038,9900.0,0.0,0.0,0.0,0.0,1.0,-360.0,360.0
63,238,0.0891,0.2676,0.029,9900.0,0.0,0.0,0.0,0.0,1.0,-360.0,360.0
63,240,0.0782,0.2127,0.022,9900.0,0.0,0.0,0.0,0.0,1.0,-360.0,360.0
64,65,0.006,0.022,0.011,9900.0,0.0,0.0,0.0,0.0,1.0,-360.0,360.0
64,68,0.0,0.036,0.0,9900.0,0.0,0.0,0.0,0.0,1.0,-360.0,360.0
65,189,0.099,0.375,0.051,9900.0,0.0,0.0,0.0,0.0,1.0,-360.0,360.0
66,189,0.022,0.107,0.058,9900.0,0.0,0.0,0.0,0.0,1.0,-360.0,360.0
67,172,0.0035,0.033,0.53,9900.0,0.0,0.0,0.0,0.0,1.0,-360.0,360.0
67,173,0.0035,0.033,0.53,9900.0,0.0,0.0,0.0,0.0,1.0,-360.0,360.0
69,70,0.008,0.064,0.128,9900.0,0.0,0.0,0.0,0.0,1.0,-360.0,360.0
70,71,0.012,0.093,0.183,9900.0,0.0,0.0,0.0,0.0,1.0,-360.0,360.0
70,233,0.006,0.048,0.092,9900.0,0.0,0.0,0.0,0.0,1.0,-360.0,360.0
73,75,0.047,0.119,0.014,9900.0,0.0,0.0,0.0,0.0,1.0,-360.0,360.0
74,76,0.032,0.174,0.024,9900.0,0.0,0.0,0.0,0.0,1.0,-360.0,360.0
75,77,0.1,0.253,0.031,9900.0,0.0,0.0,0.0,0.0,1.0,-360.0,360.0
75,78,0.022,0.077,0.039,9900.0,0.0,0.0,0.0,0.0,1.0,-360.0,360.0
76,83,0.019,0.144,0.017,9900.0,0.0,0.0,0.0,0.0,1.0,-360.0,360.0
76,85,0.017,0.092,0.012,9900.0,0.0,0.0,0.0,0.0,1.0,-360.0,360.0
77,78,0.278,0.427,0.043,9900.0,0.0,0.0,0.0,0.0,1.0,-360.0,360.0
78,81,0.022,0.053,0.007,9900.0,0.0,0.0,0.0,0.0,1.0,-360.0,360.0
78,82,0.038,0.092,0.012,9900.0,0.0,0.0,0.0,0.0,1.0,-360.0,360.0
78,83,0.048,0.122,0.015,9900.0,0.0,0.0,0.0,0.0,1.0,-360.0,360.0
79,81,0.024,0.064,0.007,9900.0,0.0,0.0,0.0,0.0,1.0,-360.0,360.0
79,82,0.034,0.121,0.015,9900.0,0.0,0.0,0.0,0.0,1.0,-360.0,360.0
80,86,0.053,0.135,0.017,9900.0,0.0,0.0,0.0,0.0,1.0,-360.0,360.0
80,87,0.002,0.004,0.002,9900.0,0.0,0.0,0.0,0.0,1.0,-360.0,360.0
80,88,0.045,0.354,0.044,9900.0,0.0,0.0,0.0,0.0,1.0,-360.0,360.0
80,89,0.05,0.174,0.022,9900.0,0.0,0.0,0.0,0.0,1.0,-360.0,360.0
81,82,0.016,0.038,0.004,9900.0,0.0,0.0,0.0,0.0,1.0,-360.0,360.0
82,84,0.043,0.064,0.027,9900.0,0.0,0.0,0.0,0.0,1.0,-360.0,360.0
83,85,0.019,0.062,0.008,9900.0,0.0,0.0,0.0,0.0,1.0,-360.0,360.0
84,87,0.076,0.13,0.044,9900.0,0.0,0.0,0.0,0.0,1.0,-360.0,360.0
84,232,0.044,0.124,0.015,9900.0,0.0,0.0,0.0,0.0,1.0,-360.0,360.0
85,86,0.012,0.088,0.011,9900.0,0.0,0.0,0.0,0.0,1.0,-360.0,360.0
85,89,0.157,0.4,0.047,9900.0,0.0,0.0,0.0,0.0,1.0,-360.0,360.0
87,234,0.074,0.208,0.026,9900.0,0.0,0.0,0.0,0.0,1.0,-360.0,360.0
88,89,0.07,0.184,0.021,9900.0,0.0,0.0,0.0,0.0,1.0,-360.0,360.0
88,91,0.1,0.274,0.031,9900.0,0.0,0.0,0.0,0.0,1.0,-360.0,360.0
88,92,0.109,0.393,0.036,9900.0,0.0,0.0,0.0,0.0,1.0,-360.0,360.0
89,90,0.142,0.404,0.05,9900.0,0.0,0.0,0.0,0.0,1.0,-360.0,360.0
90,92,0.017,0.042,0.006,9900.0,0.0,0.0,0.0,0.0,1.0,-360.0,360.0
93,100,0.0036,0.0199,0.004,9900.0,0.0,0.0,0.0,0.0,1.0,-360.0,360.0
94,98,0.002,0.1049,0.001,9900.0,0.0,0.0,0.0,0.0,1.0,-360.0,360.0
95,96,0.0001,0.0018,0.017,9900.0,0.0,0.0,0.0,0.0,1.0,-360.0,360.0
96,97,0.0,0.0271,0.0,9900.0,0.0,0.0,0.0,0.0,1.0,-360.0,360.0
96,244,0.0,0.6163,0.0,9900.0,0.0,0.0,0.0,0.0,1.0,-360.0,360.0
244,98,0.0,-0.3697,0.0,9900.0,0.0,0.0,0.0,0.0,1.0,-360.0,360.0
96,99,0.0022,0.2915,0.0,9900.0,0.0,0.0,0.0,0.0,1.0,-360.0,360.0
97,98,0.0,0.0339,0.0,9900.0,0.0,0.0,0.0,0.0,1.0,-360.0,360.0
97,99,0.0,0.0582,0.0,9900.0,0.0,0.0,0.0,0.0,1.0,-360.0,360.0
100,101,0.0808,0.2344,0.029,9900.0,0.0,0.0,0.0,0.0,1.0,-360.0,360.0
100,103,0.0965,0.3669,0.054,9900.0,0.0,0.0,0.0,0.0,1.0,-360.0,360.0
101,102,0.036,0.1076,0.117,9900.0,0.0,0.0,0.0,0.0,1.0,-360.0,360.0
101,103,0.0476,0.1414,0.149,9900.0,0.0,0.0,0.0,0.0,1.0,-360.0,360.0
103,104,0.0006,0.0197,0.0,9900.0,0.0,0.0,0.0,0.0,1.0,-360.0,360.0
104,105,0.0059,0.0405,0.25,9900.0,0.0,0.0,0.0,0.0,1.0,-360.0,360.0
104,107,0.0115,0.1106,0.185,9900.0,0.0,0.0,0.0,0.0,1.0,-360.0,360.0
104,110,0.0198,0.1688,0.321,9900.0,0.0,0.0,0.0,0.0,1.0,-360.0,360.0
104,135,0.005,0.05,0.33,9900.0,0.0,0.0,0.0,0.0,1.0,-360.0,360.0
104,136,0.0077,0.0538,0.335,9900.0,0.0,0.0,0.0,0.0,1.0,-360.0,360.0
104,147,0.0165,0.1157,0.171,9900.0,0.0,0.0,0.0,0.0,1.0,-360.0,360.0
105,106,0.0059,0.0577,0.095,9900.0,0.0,0.0,0.0,0.0,1.0,-360.0,360.0
105,112,0.0049,0.0336,0.208,9900.0,0.0,0.0,0.0,0.0,1.0,-360.0,360.0
105,146,0.0059,0.0577,0.095,9900.0,0.0,0.0,0.0,0.0,1.0,-360.0,360.0
106,108,0.0078,0.0773,0.126,9900.0,0.0,0.0,0.0,0.0,1.0,-360.0,360.0
106,111,0.0026,0.0193,0.03,9900.0,0.0,0.0,0.0,0.0,1.0,-360.0,360.0
107,108,0.0076,0.0752,0.122,9900.0,0.0,0.0,0.0,0.0,1.0,-360.0,360.0
107,111,0.0021,0.0186,0.03,9900.0,0.0,0.0,0.0,0.0,1.0,-360.0,360.0
108,110,0.0016,0.0164,0.026,9900.0,0.0,0.0,0.0,0.0,1.0,-360.0,360.0
108,129,0.0017,0.0165,0.026,9900.0,0.0,0.0,0.0,0.0,1.0,-360.0,360.0
108,145,0.0079,0.0793,0.127,9900.0,0.0,0.0,0.0,0.0,1.0,-360.0,360.0
108,146,0.0078,0.0784,0.125,9900.0,0.0,0.0,0.0,0.0,1.0,-360.0,360.0
111,115,0.0017,0.0117,0.289,9900.0,0.0,0.0,0.0,0.0,1.0,-360.0,360.0
111,146,0.0026,0.0193,0.03,9900.0,0.0,0.0,0.0,0.0,1.0,-360.0,360.0
111,147,0.0021,0.0186,0.03,9900.0,0.0,0.0,0.0,0.0,1.0,-360.0,360.0
111,149,0.0002,0.0101,0.0,9900.0,0.0,0.0,0.0,0.0,1.0,-360.0,360.0
112,113,0.0043,0.0293,0.18,9900.0,0.0,0.0,0.0,0.0,1.0,-360.0,360.0
112,162,0.0039,0.0381,0.258,9900.0,0.0,0.0,0.0,0.0,1.0,-360.0,360.0
113,114,0.0091,0.0623,0.385,9900.0,0.0,0.0,0.0,0.0,1.0,-360.0,360.0
114,115,0.0125,0.089,0.54,9900.0,0.0,0.0,0.0,0.0,1.0,-360.0,360.0
114,130,0.0056,0.039,0.953,9900.0,0.0,0.0,0.0,0.0,1.0,-360.0,360.0
115,118,0.0015,0.0114,0.284,9900.0,0.0,0.0,0.0,0.0,1.0,-360.0,360.0
115,159,0.0005,0.0034,0.021,9900.0,0.0,0.0,0.0,0.0,1.0,-360.0,360.0
115,164,0.0007,0.0151,0.126,9900.0,0.0,0.0,0.0,0.0,1.0,-360.0,360.0
115,166,0.0005,0.0034,0.021,9900.0,0.0,0.0,0.0,0.0,1.0,-360.0,360.0
117,150,0.0562,0.2248,0.081,9900.0,0.0,0.0,0.0,0.0,1.0,-360.0,360.0
118,119,0.012,0.0836,0.123,9900.0,0.0,0.0,0.0,0.0,1.0,-360.0,360.0
118,120,0.0152,0.1132,0.684,9900.0,0.0,0.0,0.0,0.0,1.0,-360.0,360.0
118,123,0.0468,0.3369,0.519,9900.0,0.0,0.0,0.0,0.0,1.0,-360.0,360.0
118,124,0.043,0.3031,0.463,9900.0,0.0,0.0,0.0,0.0,1.0,-360.0,360.0
118,125,0.0489,0.3492,0.538,9900.0,0.0,0.0,0.0,0.0,1.0,-360.0,360.0
118,160,0.0013,0.0089,0.119,9900.0,0.0,0.0,0.0,0.0,1.0,-360.0,360.0
119,124,0.0291,0.2267,0.342,9900.0,0.0,0.0,0.0,0.0,1.0,-360.0,360.0
120,121,0.006,0.057,0.767,9900.0,0.0,0.0,0.0,0.0,1.0,-360.0,360.0
121,123,0.0075,0.0773,0.119,9900.0,0.0,0.0,0.0,0.0,1.0,-360.0,360.0
121,127,0.0127,0.0909,0.135,9900.0,0.0,0.0,0.0,0.0,1.0,-360.0,360.0
123,124,0.0085,0.0588,0.087,9900.0,0.0,0.0,0.0,0.0,1.0,-360.0,360.0
123,127,0.0218,0.1511,0.223,9900.0,0.0,0.0,0.0,0.0,1.0,-360.0,360.0
124,125,0.0073,0.0504,0.074,9900.0,0.0,0.0,0.0,0.0,1.0,-360.0,360.0
126,156,0.0523,0.1526,0.074,9900.0,0.0,0.0,0.0,0.0,1.0,-360.0,360.0
126,157,0.1371,0.3919,0.076,9900.0,0.0,0.0,0.0,0.0,1.0,-360.0,360.0
130,131,0.0137,0.0957,0.141,9900.0,0.0,0.0,0.0,0.0,1.0,-360.0,360.0
131,139,0.0055,0.0288,0.19,9900.0,0.0,0.0,0.0,0.0,1.0,-360.0,360.0
132,134,0.1746,0.3161,0.04,9900.0,0.0,0.0,0.0,0.0,1.0,-360.0,360.0
132,161,0.0804,0.3054,0.045,9900.0,0.0,0.0,0.0,0.0,1.0,-360.0,360.0
133,139,0.011,0.0568,0.388,9900.0,0.0,0.0,0.0,0.0,1.0,-360.0,360.0
135,137,0.0008,0.0098,0.069,9900.0,0.0,0.0,0.0,0.0,1.0,-360.0,360.0
136,137,0.0029,0.0285,0.19,9900.0,0.0,0.0,0.0,0.0,1.0,-360.0,360.0
136,138,0.0066,0.0448,0.277,9900.0,0.0,0.0,0.0,0.0,1.0,-360.0,360.0
140,142,0.0024,0.0326,0.236,9900.0,0.0,0.0,0.0,0.0,1.0,-360.0,360.0
140,143,0.0018,0.0245,1.662,9900.0,0.0,0.0,0.0,0.0,1.0,-360.0,360.0
141,142,0.0044,0.0514,3.597,9900.0,0.0,0.0,0.0,0.0,1.0,-360.0,360.0
143,144,0.0002,0.0123,0.0,9900.0,0.0,0.0,0.0,0.0,1.0,-360.0,360.0
145,147,0.0018,0.0178,0.029,9900.0,0.0,0.0,0.0,0.0,1.0,-360.0,360.0
150,151,0.0669,0.4843,0.063,9900.0,0.0,0.0,0.0,0.0,1.0,-360.0,360.0
150,152,0.0558,0.221,0.031,9900.0,0.0,0.0,0.0,0.0,1.0,-360.0,360.0
151,152,0.0807,0.3331,0.049,9900.0,0.0,0.0,0.0,0.0,1.0,-360.0,360.0
151,153,0.0739,0.3071,0.043,9900.0,0.0,0.0,0.0,0.0,1.0,-360.0,360.0
151,154,0.1799,0.5017,0.069,9900.0,0.0,0.0,0.0,0.0,1.0,-360.0,360.0
153,154,0.0904,0.3626,0.048,9900.0,0.0,0.0,0.0,0.0,1.0,-360.0,360.0
153,157,0.077,0.3092,0.054,9900.0,0.0,0.0,0.0,0.0,1.0,-360.0,360.0
154,155,0.0251,0.0829,0.047,9900.0,0.0,0.0,0.0,0.0,1.0,-360.0,360.0
155,156,0.0222,0.0847,0.05,9900.0,0.0,0.0,0.0,0.0,1.0,-360.0,360.0
156,157,0.0498,0.1855,0.029,9900.0,0.0,0.0,0.0,0.0,1.0,-360.0,360.0
156,158,0.0061,0.029,0.084,9900.0,0.0,0.0,0.0,0.0,1.0,-360.0,360.0
159,116,0.0004,0.0202,0.0,9900.0,0.0,0.0,0.0,0.0,1.0,-360.0,360.0
159,165,0.0004,0.0083,0.115,9900.0,0.0,0.0,0.0,0.0,1.0,-360.0,360.0
162,163,0.0025,0.0245,0.164,9900.0,0.0,0.0,0.0,0.0,1.0,-360.0,360.0
164,166,0.0007,0.0086,0.115,9900.0,0.0,0.0,0.0,0.0,1.0,-360.0,360.0
165,166,0.0007,0.0086,0.115,9900.0,0.0,0.0,0.0,0.0,1.0,-360.0,360.0
166,116,0.0004,0.0202,0.0,9900.0,0.0,0.0,0.0,0.0,1.0,-360.0,360.0
167,186,0.033,0.095,0.0,9900.0,0.0,0.0,0.0,0.0,1.0,-360.0,360.0
167,187,0.046,0.069,0.0,9900.0,0.0,0.0,0.0,0.0,1.0,-360.0,360.0
168,209,0.0004,0.0022,6.2,9900.0,0.0,0.0,0.0,0.0,1.0,-360.0,360.0
168,218,0.0,0.0275,0.0,9900.0,0.0,0.0,0.0,0.0,1.0,-360.0,360.0
169,170,0.003,0.048,0.0,9900.0,0.0,0.0,0.0,0.0,1.0,-360.0,360.0
170,203,0.002,0.009,0.0,9900.0,0.0,0.0,0.0,0.0,1.0,-360.0,360.0
171,183,0.045,0.063,0.0,9900.0,0.0,0.0,0.0,0.0,1.0,-360.0,360.0
171,186,0.048,0.127,0.0,9900.0,0.0,0.0,0.0,0.0,1.0,-360.0,360.0
172,197,0.0031,0.0286,0.5,9900.0,0.0,0.0,0.0,0.0,1.0,-360.0,360.0
172,241,0.0024,0.0355,0.36,9900.0,0.0,0.0,0.0,0.0,1.0,-360.0,360.0
173,197,0.0031,0.0286,0.5,9900.0,0.0,0.0,0.0,0.0,1.0,-360.0,360.0
174,175,0.014,0.04,0.004,9900.0,0.0,0.0,0.0,0.0,1.0,-360.0,360.0
174,188,0.03,0.081,0.01,9900.0,0.0,0.0,0.0,0.0,1.0,-360.0,360.0
175,176,0.01,0.06,0.009,9900.0,0.0,0.0,0.0,0.0,1.0,-360.0,360.0
175,189,0.015,0.04,0.006,9900.0,0.0,0.0,0.0,0.0,1.0,-360.0,360.0
176,180,0.332,0.688,0.0,9900.0,0.0,0.0,0.0,0.0,1.0,-360.0,360.0
176,181,0.009,0.046,0.025,9900.0,0.0,0.0,0.0,0.0,1.0,-360.0,360.0
176,188,0.02,0.073,0.008,9900.0,0.0,0.0,0.0,0.0,1.0,-360.0,360.0
176,189,0.034,0.109,0.032,9900.0,0.0,0.0,0.0,0.0,1.0,-360.0,360.0
177,178,0.076,0.135,0.009,9900.0,0.0,0.0,0.0,0.0,1.0,-360.0,360.0
177,188,0.04,0.102,0.005,9900.0,0.0,0.0,0.0,0.0,1.0,-360.0,360.0
178,188,0.081,0.128,0.014,9900.0,0.0,0.0,0.0,0.0,1.0,-360.0,360.0
179,182,0.124,0.183,0.0,9900.0,0.0,0.0,0.0,0.0,1.0,-360.0,360.0
181,189,0.01,0.059,0.008,9900.0,0.0,0.0,0.0,0.0,1.0,-360.0,360.0
182,183,0.046,0.068,0.0,9900.0,0.0,0.0,0.0,0.0,1.0,-360.0,360.0
183,184,0.302,0.446,0.0,9900.0,0.0,0.0,0.0,0.0,1.0,-360.0,360.0
184,185,0.073,0.093,0.0,9900.0,0.0,0.0,0.0,0.0,1.0,-360.0,360.0
184,186,0.24,0.421,0.0,9900.0,0.0,0.0,0.0,0.0,1.0,-360.0,360.0
190,193,0.0139,0.0778,0.086,9900.0,0.0,0.0,0.0,0.0,1.0,-360.0,360.0
191,192,0.0025,0.038,0.0,9900.0,0.0,0.0,1.0,0.0,1.0,-360.0,360.0
192,193,0.0017,0.0185,0.02,9900.0,0.0,0.0,0.0,0.0,1.0,-360.0,360.0
192,220,0.0015,0.0108,0.002,9900.0,0.0,0.0,0.0,0.0,1.0,-360.0,360.0
193,194,0.0045,0.0249,0.026,9900.0,0.0,0.0,0.0,0.0,1.0,-360.0,360.0
194,195,0.004,0.0497,0.018,9900.0,0.0,0.0,0.0,0.0,1.0,-360.0,360.0
195,196,0.0,0.0456,0.0,9900.0,0.0,0.0,0.0,0.0,1.0,-360.0,360.0
195,197,0.0005,0.0177,0.02,9900.0,0.0,0.0,0.0,0.0,1.0,-360.0,360.0
195,198,0.0027,0.0395,0.832,9900.0,0.0,0.0,0.0,0.0,1.0,-360.0,360.0
197,215,0.0003,0.0018,5.2,9900.0,0.0,0.0,0.0,0.0,1.0,-360.0,360.0
198,196,0.0037,0.0484,0.43,9900.0,0.0,0.0,0.0,0.0,1.0,-360.0,360.0
198,199,0.001,0.0295,0.503,9900.0,0.0,0.0,0.0,0.0,1.0,-360.0,360.0
198,216,0.0016,0.0046,0.402,9900.0,0.0,0.0,0.0,0.0,1.0,-360.0,360.0
199,201,0.0003,0.0013,1.0,9900.0,0.0,0.0,0.0,0.0,1.0,-360.0,360.0
200,215,0.0014,0.0514,0.33,9900.0,0.0,0.0,1.0,0.0,1.0,-360.0,360.0
202,203,0.01,0.064,0.48,9900.0,0.0,0.0,0.0,0.0,1.0,-360.0,360.0
202,204,0.0019,0.0081,0.86,9900.0,0.0,0.0,0.0,0.0,1.0,-360.0,360.0
203,169,0.001,0.061,0.0,9900.0,0.0,0.0,0.0,0.0,1.0,-360.0,360.0
204,209,0.0005,0.0212,0.0,9900.0,0.0,0.0,0.0,0.0,1.0,-360.0,360.0
205,209,0.0009,0.0472,0.186,9900.0,0.0,0.0,1.0,0.0,1.0,-360.0,360.0
206,207,0.0019,0.0087,1.28,9900.0,0.0,0.0,0.0,0.0,1.0,-360.0,360.0
206,209,0.0026,0.0917,0.0,9900.0,0.0,0.0,0.0,0.0,1.0,-360.0,360.0
206,212,0.0013,0.0288,0.81,9900.0,0.0,0.0,0.0,0.0,1.0,-360.0,360.0
207,168,0.0,0.0626,0.0,9900.0,0.0,0.0,0.0,0.0,1.0,-360.0,360.0
209,210,0.0002,0.0069,1.364,9900.0,0.0,0.0,0.0,0.0,1.0,-360.0,360.0
209,215,0.0001,0.0006,3.57,9900.0,0.0,0.0,0.0,0.0,1.0,-360.0,360.0
210,211,0.0017,0.0485,0.0,9900.0,0.0,0.0,0.0,0.0,1.0,-360.0,360.0
212,213,0.0002,0.0259,0.144,9900.0,0.0,0.0,0.0,0.0,1.0,-360.0,360.0
212,215,0.0006,0.0272,0.0,9900.0,0.0,0.0,0.0,0.0,1.0,-360.0,360.0
213,216,0.0002,0.0006,0.8,9900.0,0.0,0.0,0.0,0.0,1.0,-360.0,360.0
219,215,0.0005,0.0154,0.0,9900.0,0.0,0.0,1.0,0.0,1.0,-360.0,360.0
218,229,0.0003,0.0043,0.009,9900.0,0.0,0.0,0.0,0.0,1.0,-360.0,360.0
220,223,0.0082,0.0851,0.0,9900.0,0.0,0.0,0.0,0.0,1.0,-360.0,360.0
220,225,0.0112,0.0723,0.0,9900.0,0.0,0.0,0.0,0.0,1.0,-360.0,360.0
221,222,0.0127,0.0355,0.0,9900.0,0.0,0.0,0.0,0.0,1.0,-360.0,360.0
221,223,0.0326,0.1804,0.0,9900.0,0.0,0.0,0.0,0.0,1.0,-360.0,360.0
222,224,0.0195,0.0551,0.0,9900.0,0.0,0.0,0.0,0.0,1.0,-360.0,360.0
223,224,0.0157,0.0732,0.0,9900.0,0.0,0.0,0.0,0.0,1.0,-360.0,360.0
223,225,0.036,0.2119,0.0,9900.0,0.0,0.0,0.0,0.0,1.0,-360.0,360.0
224,225,0.0268,0.1285,0.0,9900.0,0.0,0.0,0.0,0.0,1.0,-360.0,360.0
225,226,0.0428,0.1215,0.0,9900.0,0.0,0.0,0.0,0.0,1.0,-360.0,360.0
226,227,0.0351,0.1004,0.0,9900.0,0.0,0.0,0.0,0.0,1.0,-360.0,360.0
227,228,0.0616,0.1857,0.0,9900.0,0.0,0.0,0.0,0.0,1.0,-360.0,360.0
2,0,0.0,0.052,0.0,9900.0,0.0,0.0,0.947,0.0,1.0,-360.0,360.0
2,1,0.0,0.052,0.0,9900.0,0.0,0.0,0.956,0.0,1.0,-360.0,360.0
2,3,0.0,0.005,0.0,9900.0,0.0,0.0,0.971,0.0,1.0,-360.0,360.0
6,4,0.0,0.039,0.0,9900.0,0.0,0.0,0.948,0.0,1.0,-360.0,360.0
6,5,0.0,0.039,0.0,9900.0,0.0,0.0,0.959,0.0,1.0,-360.0,360.0
9,10,0.0,0.089,0.0,9900.0,0.0,0.0,1.046,0.0,1.0,-360.0,360.0
11,9,0.0,0.053,0.0,9900.0,0.0,0.0,0.985,0.0,1.0,-360.0,360.0
14,16,0.0194,0.0311,0.0,9900.0,0.0,0.0,0.9561,0.0,1.0,-360.0,360.0
15,14,0.001,0.038,0.0,9900.0,0.0,0.0,0.971,0.0,1.0,-360.0,360.0
19,18,0.0,0.014,0.0,9900.0,0.0,0.0,0.952,0.0,1.0,-360.0,360.0
22,21,0.0,0.064,0.0,9900.0,0.0,0.0,0.943,0.0,1.0,-360.0,360.0
29,28,0.0,0.047,0.0,9900.0,0.0,0.0,1.01,0.0,1.0,-360.0,360.0
38,37,0.0,0.02,0.0,9900.0,0.0,0.0,1.008,0.0,1.0,-360.0,360.0
38,39,0.0,0.021,0.0,9900.0,0.0,0.0,1.0,0.0,1.0,-360.0,360.0
53,52,0.0,0.059,0.0,9900.0,0.0,0.0,0.975,0.0,1.0,-360.0,360.0
54,55,0.0,0.038,0.0,9900.0,0.0,0.0,1.017,0.0,1.0,-360.0,360.0
60,61,0.0,0.0244,0.0,9900.0,0.0,0.0,1.0,0.0,1.0,-360.0,360.0
67,72,0.0,0.02,0.0,9900.0,0.0,0.0,1.0,0.0,1.0,-360.0,360.0
69,80,0.0,0.048,0.0,9900.0,0.0,0.0,1.0,0.0,1.0,-360.0,360.0
70,82,0.0,0.048,0.0,9900.0,0.0,0.0,1.0,0.0,1.0,-360.0,360.0
71,77,0.0,0.046,0.0,9900.0,0.0,0.0,1.015,0.0,1.0,-360.0,360.0
92,185,0.0,0.149,0.0,9900.0,0.0,0.0,0.967,0.0,1.0,-360.0,360.0
94,102,0.0052,0.0174,0.0,9900.0,0.0,0.0,1.01,0.0,1.0,-360.0,360.0
99,93,0.0,0.028,0.0,9900.0,0.0,0.0,1.05,0.0,1.0,-360.0,360.0
100,135,0.0005,0.0195,0.0,9900.0,0.0,0.0,1.0,0.0,1.0,-360.0,360.0
108,109,0.0,0.018,0.0,9900.0,0.0,0.0,1.0522,0.0,1.0,-360.0,360.0
108,128,0.0,0.014,0.0,9900.0,0.0,0.0,1.0522,0.0,1.0,-360.0,360.0
110,148,0.001,0.0402,0.0,9900.0,0.0,0.0,1.05,0.0,1.0,-360.0,360.0
119,152,0.0024,0.0603,0.0,9900.0,0.0,0.0,0.975,0.0,1.0,-360.0,360.0
120,153,0.0024,0.0498,-0.087,9900.0,0.0,0.0,1.0,0.0,1.0,-360.0,360.0
121,122,0.0,0.0833,0.0,9900.0,0.0,0.0,1.035,0.0,1.0,-360.0,360.0
121,126,0.0013,0.0371,0.0,9900.0,0.0,0.0,0.9565,0.0,1.0,-360.0,360.0
123,158,0.0005,0.0182,0.0,9900.0,0.0,0.0,1.0,0.0,1.0,-360.0,360.0
129,148,0.001,0.0392,0.0,9900.0,0.0,0.0,1.05,0.0,1.0,-360.0,360.0
131,161,0.0027,0.0639,0.0,9900.0,0.0,0.0,1.073,0.0,1.0,-360.0,360.0
133,134,0.0008,0.0256,0.0,9900.0,0.0,0.0,1.05,0.0,1.0,-360.0,360.0
137,95,0.0,0.016,0.0,9900.0,0.0,0.0,1.0506,0.0,1.0,-360.0,360.0
138,102,0.0012,0.0396,0.0,9900.0,0.0,0.0,0.975,0.0,1.0,-360.0,360.0
141,115,0.0013,0.0384,-0.057,9900.0,0.0,0.0,0.98,0.0,1.0,-360.0,360.0
142,133,0.0009,0.0231,-0.033,9900.0,0.0,0.0,0.956,0.0,1.0,-360.0,360.0
160,117,0.0003,0.0131,0.0,9900.0,0.0,0.0,1.05,0.0,1.0,-360.0,360.0
167,188,0.0,0.252,0.0,9900.0,0.0,0.0,1.03,0.0,1.0,-360.0,360.0
171,174,0.0,0.237,0.0,9900.0,0.0,0.0,1.03,0.0,1.0,-360.0,360.0
173,190,0.0008,0.0366,0.0,9900.0,0.0,0.0,0.985,0.0,1.0,-360.0,360.0
178,226,0.0,0.22,0.0,9900.0,0.0,0.0,1.0,0.0,1.0,-360.0,360.0
179,56,0.0,0.098,0.0,9900.0,0.0,0.0,1.03,0.0,1.0,-360.0,360.0
180,189,0.0,0.128,0.0,9900.0,0.0,0.0,1.01,0.0,1.0,-360.0,360.0
182,245,0.02,0.204,-0.012,9900.0,0.0,0.0,1.05,0.0,1.0,-360.0,360.0
187,176,0.026,0.211,0.0,9900.0,0.0,0.0,1.03,0.0,1.0,-360.0,360.0
189,190,0.003,0.0122,0.0,9900.0,0.0,0.0,1.0,0.0,1.0,-360.0,360.0
196,197,0.001,0.0354,-0.01,9900.0,0.0,0.0,0.97,0.0,1.0,-360.0,360.0
201,202,0.0012,0.0195,-0.364,9900.0,0.0,0.0,1.0,0.0,1.0,-360.0,360.0
207,208,0.001,0.0332,0.0,9900.0,0.0,0.0,1.02,0.0,1.0,-360.0,360.0
212,214,0.0005,0.016,0.0,9900.0,0.0,0.0,1.07,0.0,1.0,-360.0,360.0
216,217,0.0005,0.016,0.0,9900.0,0.0,0.0,1.02,0.0,1.0,-360.0,360.0
174,245,0.0001,0.02,0.0,9900.0,0.0,0.0,1.0,0.0,1.0,-360.0,360.0
97,242,0.001,0.023,0.0,9900.0,0.0,0.0,1.0223,0.0,1.0,-360.0,360.0
98,243,0.0,0.023,0.0,9900.0,0.0,0.0,0.9284,0.0,1.0,-360.0,360.0
247,1,0.001,0.0146,0.0,9900.0,0.0,0.0,1.0,0.0,1.0,-360.0,360.0
248,2,0.0,0.01054,0.0,9900.0,0.0,0.0,1.0,0.0,1.0,-360.0,360.0
259,52,0.0,0.0238,0.0,9900.0,0.0,0.0,1.0,0.0,1.0,-360.0,360.0
260,53,0.0,0.03214,0.0,9900.0,0.0,0.0,0.95,0.0,1.0,-360.0,360.0
264,144,0.0,0.0154,0.0,9900.0,0.0,0.0,1.0,0.0,1.0,-360.0,360.0
253,22,0.0,0.0289,0.0,9900.0,0.0,0.0,1.0,0.0,1.0,-360.0,360.0
246,0,0.0,0.01953,0.0,9900.0,0.0,0.0,1.0,0.0,1.0,-360.0,360.0
262,108,0.0,0.0193,0.0,9900.0,0.0,0.0,1.0,0.0,1.0,-360.0,360.0
249,10,0.0,0.01923,0.0,9900.0,0.0,0.0,1.0,0.0,1.0,-360.0,360.0
252,21,0.0,0.023,0.0,9900.0,0.0,0.0,1.0,0.0,1.0,-360.0,360.0
256,42,0.0,0.0124,0.0,9900.0,0.0,0.0,1.0,0.0,1.0,-360.0,360.0
263,117,0.0,0.0167,0.0,9900.0,0.0,0.0,1.0,0.0,1.0,-360.0,360.0
250,11,0.0,0.0312,0.0,9900.0,0.0,0.0,1.0,0.0,1.0,-360.0,360.0
251,16,0.0,0.01654,0.0,9900.0,0.0,0.0,0.942,0.0,1.0,-360.0,360.0
254,32,0.0,0.03159,0.0,9900.0,0.0,0.0,0.965,0.0,1.0,-360.0,360.0
258,48,0.0,0.05347,0.0,9900.0,0.0,0.0,0.95,0.0,1.0,-360.0,360.0
255,37,0.0,0.18181,0.0,9900.0,0.0,0.0,0.942,0.0,1.0,-360.0,360.0
257,47,0.0,0.19607,0.0,9900.0,0.0,0.0,0.942,0.0,1.0,-360.0,360.0
261,58,0.0,0.06896,0.0,9900.0,0.0,0.0,0.9565,0.0,1.0,-360.0,360.0
